name,age,email,mobile_phone
Alice,25,alice@example.com,123-4567-8901
Bob,30,bob@example.com,234-5678-9012
Charlie,35,charlie@example.com,345-6789-0123
David,28,david@example.com,456-7890-1234
Eve,22,eve@example.com,567-8901-2345
Frank,27,frank@example.com,678-9012-3456
Grace,31,grace@example.com,789-0123-4567
Henry,24,henry@example.com,890-1234-5678
Isabella,29,isabella@example.com,901-2345-6789
Jack,33,jack@example.com,012-3456-7890
Karen,26,karen@example.com,123-4567-8902
Liam,32,liam@example.com,234-5678-9013
Mia,21,mia@example.com,345-6789-0124
Noah,34,noah@example.com,456-7890-1235
Olivia,27,olivia@example.com,567-8901-2346
Paul,29,paul@example.com,678-9012-3457
Queenie,28,queenie@example.com,789-0123-4568
Ryan,30,ryan@example.com,890-1234-5679
Sophia,22,sophia@example.com,901-2345-6780
Thomas,35,thomas@example.com,012-3456-7891
Uma,26,uma@example.com,123-4567-8903
Victor,31,victor@example.com,234-5678-9014
Wendy,27,wendy@example.com,345-6789-0125
Xavier,29,xavier@example.com,456-7890-1236
Yolanda,32,yolanda@example.com,567-8901-2347